{"cameraMode":{"drawMode":0,"name":"Shaded","section":"Shading Mode"},"sceneLighting":false,"audioPlay":false,"sceneViewState":{"showFog":true,"showMaterialUpdate":true,"showSkybox":false,"showFlares":true,"showImageEffects":true,"showParticleSystems":true},"in2DMode":false,"pivot":{"x":-0.07900001108646393,"y":-0.000999998301267624,"z":2.0320000648498537},"rotation":{"x":-0.0402342788875103,"y":-0.6797865033149719,"z":-0.03774625435471535,"w":0.731451690196991},"size":0.10777498036623001,"orthographic":false}