{"cameraMode":{"drawMode":0,"name":"Shaded","section":"Shading Mode"},"sceneLighting":true,"audioPlay":false,"sceneViewState":{"showFog":true,"showMaterialUpdate":true,"showSkybox":true,"showFlares":true,"showImageEffects":true,"showParticleSystems":true},"in2DMode":false,"pivot":{"x":-2.0740628242492677,"y":0.8918378353118897,"z":3.125453472137451},"rotation":{"x":-0.0402342788875103,"y":-0.6797865033149719,"z":-0.03774625435471535,"w":0.731451690196991},"size":2.333500862121582,"orthographic":false}